epoch,train_loss,valid_loss
0,2.2096383945941924,2.0954526510715485
1,1.7278930832445623,1.7017168179750441
2,1.5743333364725114,1.557228842639923
