epoch,train_loss,valid_loss
0,2.269151420593262,2.228080928230286
1,1.9111094802618027,1.8805373173475266
2,1.6923658280074596,1.6915567736387254
