epoch,train_loss,valid_loss
0,2.102205194056034,2.0472004238128663
1,1.8214371307492256,1.7765897629499436
2,1.6328731651604176,1.6184034784555434
