epoch,train_loss,valid_loss
0,2.1417822976708414,2.0972867859363555
1,1.740750397145748,1.6885508489131928
2,1.5716996095776559,1.5275236972332
