epoch,train_loss,valid_loss
0,2.1752466450333596,2.127853652048111
1,1.9036219855844974,1.862914408135414
2,1.7440364151895047,1.6991850428342818
