epoch,train_loss,valid_loss
0,0.7457014396144077,0.7840342216476798
1,0.568841549964156,0.6037541420768016
2,0.5128119164493401,0.5111573569339234
