epoch,train_loss,valid_loss
0,0.40060117445734794,0.4530422934110975
1,0.34443208444579065,0.3620312756163999
