epoch,train_loss,valid_loss
0,0.6900502678416669,0.710205767751392
1,0.5534796378093306,0.5643174729155377
