epoch,train_loss,valid_loss
0,0.3933359084105541,0.39904347647666544
1,0.35911050011728,0.3925987127028381
2,0.397645512510347,0.3932435385338517
