epoch,train_loss,valid_loss
0,0.7088870787564665,0.7039929280623793
1,0.5958030937493313,0.6008503815528006
2,0.5127236885782331,0.5296839832005557
