epoch,train_loss,valid_loss
0,0.47631147688828146,0.39013988600908517
1,0.3444590045576053,0.3484066248062748
2,0.312268777587019,0.38212735214136784
3,0.29850091444518906,0.3296504445855082
4,0.2850216526369831,0.3240711109481046
5,0.2814288259762561,0.32189666280448925
6,0.2744223331935884,0.3218552597036817
7,0.27582407061200037,0.3504942186081207
8,0.27138132684633226,0.38881824461934955
