epoch,train_loss,valid_loss
0,0.50174439381531,0.4131338255931754
1,0.38441563386201244,0.3669622112620236
2,0.38182615431559513,0.46087824616517875
