epoch,train_loss,valid_loss
0,0.3773531061601825,0.3777547543276218
1,0.3439534999883108,0.37293170111219315
