epoch,train_loss,valid_loss
0,0.34936635031426705,0.36909037019384416
1,0.31840189442157135,0.34765789111489137
2,0.28798288770811886,0.3142718181397235
3,0.3058631821429743,0.35046592225031636
