epoch,train_loss,valid_loss
0,0.48102142056632974,0.3992193274624513
1,0.34437990160760495,0.4021435562960617
