epoch,train_loss,valid_loss
0,0.6751599816707894,0.649669123484753
1,0.5234963865436147,0.5386344310493208
2,0.4741554207419977,0.476704830389726
