epoch,train_loss,valid_loss
0,0.48263383471209237,0.385264469612902
1,0.3475426727848553,0.3546104211436657
2,0.3169316472782071,0.3318853082848347
3,0.29964917785344297,0.3396989018825185
