epoch,train_loss,valid_loss
0,0.48012716413325046,0.38019787437842817
1,0.3697639843882486,0.3863829669715972
2,0.37405651496281767,0.43493817404089785
