epoch,train_loss,valid_loss
0,0.3562713192857482,0.4328380626359023
1,0.334783253436487,0.33614263263150934
2,0.34623424303408684,0.33527928558758324
3,0.31368446861630217,0.3307117339699973
4,0.3089781445061008,0.30955997961612947
5,0.30019816703454977,0.31997617765968406
