epoch,train_loss,valid_loss
0,0.48138027311051934,0.38630527919851376
1,0.3443677022525156,0.3452930473517223
2,0.31804833088819595,0.3372307540542235
3,0.30106590396550215,0.3305439374241773
4,0.2920629154058797,0.32453040067363254
5,0.28513610810717105,0.3077972504516476
6,0.27678400102497036,0.34533952274600627
7,0.27358664703074526,0.32503063030743934
