epoch,train_loss,valid_loss
0,0.77210326891765,0.7961605334304274
1,0.6476430944623426,0.6799757794387639
