epoch,train_loss,valid_loss
0,0.4125379807320496,0.42897719355941355
1,0.3959407961002426,0.38388411299599057
