epoch,train_loss,valid_loss
0,1.6082697918839752,0.861875380384177
1,0.731107414742373,0.6560538737762719
2,0.5825252837793746,0.5454574697500095
3,0.5002221959716796,0.48532737660373093
4,0.443705934740279,0.4330334560139803
5,0.40079621116655567,0.4032831869523041
6,0.3723680954701112,0.3809824672922143
7,0.3511838872278934,0.3686709098017658
8,0.33676913955775184,0.3906110316022765
