epoch,train_loss,valid_loss
0,0.7237988964077086,0.7305186727300287
1,0.5851841214664746,0.5928186440946535
2,0.5120217782014516,0.5200209919804475
