epoch,train_loss,valid_loss
0,0.7478171677300707,0.746685131225735
1,0.612325877321884,0.6063335097644478
2,0.5395908747154754,0.5264069868799299
