epoch,train_loss,valid_loss
0,0.3656330080970656,0.2835073129521217
1,0.17320112314328434,0.1327782543154666
2,0.1133189338776756,0.10792689391071726
