epoch,train_loss,valid_loss
0,0.09093934541527364,0.07201680549260218
1,0.06859618810406104,0.04864562407789724
