epoch,train_loss,valid_loss
0,0.13553840492553548,0.10728454436346199
1,0.06351415363328279,0.04731952451579163
2,0.05382437570265659,0.03981254392362646
3,0.04934719167241648,0.057389046705014275
4,0.0468189270293654,0.03824545125316157
5,0.043104009474361236,0.06515053397505785
6,0.043458185832730124,0.04684603638117481
