epoch,train_loss,valid_loss
0,1.2235129372214433,0.27034793760371395
1,0.2020057387889324,0.12726975165601762
2,0.13224726051277153,0.0977252269913879
3,0.10419278184482973,0.07930205153906572
4,0.08848283875685023,0.075941820460702
5,0.07675168947498769,0.06709715914982008
6,0.06795926721263064,0.057195343655698526
7,0.06117063173939029,0.06021295197367435
