epoch,train_loss,valid_loss
0,0.08542993796402357,0.0646563106304524
1,0.06543281180590793,0.06351592956273137
2,0.052295625873351514,0.05299166021121483
3,0.05874083909594738,0.058657757778177416
