epoch,train_loss,valid_loss
0,0.1326112521542257,0.06158173744623934
1,0.07577006895224618,0.04886530145576841
2,0.06980911728987933,0.09788490220503906
3,0.07771835187815478,0.07560619023316635
