epoch,train_loss,valid_loss
0,0.30550967612228125,0.2616443342276849
1,0.16885738408967155,0.15328049352313391
2,0.14009492750740174,0.11225955538486014
