epoch,train_loss,valid_loss
0,0.32358017171407116,0.3126772881755605
1,0.2208536575358594,0.217482937730453
