epoch,train_loss,valid_loss
0,0.13362717722298234,0.06949698111170476
1,0.0773900573068338,0.06038332157737508
2,0.07495297660745001,0.06645294754663043
