epoch,train_loss,valid_loss
0,0.13505467194939633,0.053405717267801994
1,0.06235235551354984,0.05587359734944675
