epoch,train_loss,valid_loss
0,0.08995607454044834,0.07055359223375317
1,0.07967047323433961,0.07806440823036363
