epoch,train_loss,valid_loss
0,0.29984809960692654,0.2250072045818437
1,0.14206952144831303,0.12378418279626639
2,0.10277769888361217,0.08527496993079112
