epoch,train_loss,valid_loss
0,0.3608258248216007,0.2694329384582816
1,0.14819741309183881,0.12011840269531822
2,0.10422449623334978,0.08333371989620282
