epoch,train_loss,valid_loss
0,0.13854400169430733,0.06672352081411577
1,0.0677932915234346,0.05221126396933242
2,0.05617001260645934,0.043284289170795937
3,0.049844211628791484,0.05203863733507604
4,0.04596799951525074,0.0705867390982903
