epoch,train_loss,valid_loss
0,0.09466836474125197,0.06809623467340578
1,0.07117476913767112,0.07861262616370242
