epoch,train_loss,valid_loss
0,0.13959423554033032,0.06874641535846501
1,0.06446767984293351,0.07275028114164822
