epoch,train_loss,valid_loss
0,0.29292774354619905,0.2724150304866023
1,0.12732031604537042,0.11143799351122143
2,0.09449634432950188,0.08248726784143728
3,0.08114441574231204,0.0724530441542307
4,0.08077342098374356,0.060968813413610407
5,0.06537365659887837,0.05703725658354524
6,0.049601547380201734,0.05727846193247715
