epoch,train_loss,valid_loss
0,0.3432934114115778,0.2412855341745075
1,0.14841209279514442,0.1230340749591589
2,0.10756261170042854,0.09197892812187929
