epoch,train_loss,valid_loss
0,0.3243470564491581,0.2915908145692199
1,0.17062943001856912,0.1275783185251843
