epoch,train_loss,valid_loss
0,0.07231980697486466,0.1387439130453576
1,0.06917343453391714,0.043159381329518326
2,0.0555603220797035,0.05156018866878595
