epoch,train_loss,valid_loss
0,0.07877135962519077,0.054364098565612036
1,0.05463409307935738,0.051798765361022604
